-- phpMyAdmin SQL Dump
-- version 5.2.0
-- https://www.phpmyadmin.net/
--
-- Host: 127.0.0.1
-- Generation Time: Jul 06, 2022 at 10:55 AM
-- Server version: 10.4.24-MariaDB
-- PHP Version: 7.4.29

SET SQL_MODE = "NO_AUTO_VALUE_ON_ZERO";
START TRANSACTION;
SET time_zone = "+00:00";


/*!40101 SET @OLD_CHARACTER_SET_CLIENT=@@CHARACTER_SET_CLIENT */;
/*!40101 SET @OLD_CHARACTER_SET_RESULTS=@@CHARACTER_SET_RESULTS */;
/*!40101 SET @OLD_COLLATION_CONNECTION=@@COLLATION_CONNECTION */;
/*!40101 SET NAMES utf8mb4 */;

--
-- Database: `php_project_v2`
--

-- --------------------------------------------------------

--
-- Table structure for table `categories`
--

CREATE TABLE `categories` (
  `category_id` int(11) NOT NULL,
  `category_name` varchar(255) NOT NULL,
  `created_at` datetime NOT NULL,
  `updated_at` datetime DEFAULT NULL,
  `status` tinyint(4) NOT NULL DEFAULT 10
) ENGINE=InnoDB DEFAULT CHARSET=utf8;

--
-- Dumping data for table `categories`
--

INSERT INTO `categories` (`category_id`, `category_name`, `created_at`, `updated_at`, `status`) VALUES
(1, 'آموزشی', '2022-07-03 17:11:35', '2022-07-05 17:27:26', 10),
(2, 'ورزشی', '2022-07-03 17:11:42', NULL, 0),
(3, 'تکنولوژی', '2022-07-03 17:11:49', NULL, 10),
(4, 'علمی', '2022-07-03 17:12:40', NULL, 10);

-- --------------------------------------------------------

--
-- Table structure for table `comments`
--

CREATE TABLE `comments` (
  `comment_id` int(11) NOT NULL,
  `comment_author` varchar(255) NOT NULL,
  `comment_email` varchar(255) NOT NULL,
  `comment_body` text NOT NULL,
  `post_id` int(11) NOT NULL,
  `comment_status` tinyint(4) DEFAULT 0,
  `create_at` datetime NOT NULL
) ENGINE=InnoDB DEFAULT CHARSET=utf8;

--
-- Dumping data for table `comments`
--

INSERT INTO `comments` (`comment_id`, `comment_author`, `comment_email`, `comment_body`, `post_id`, `comment_status`, `create_at`) VALUES
(2, 'علی', 'admin@admin.com', 'خسته نباشید', 1, 10, '2022-07-05 19:00:45'),
(3, 'میثم', 'admin@admin.com', 'این دیدگاه تست است جهت نمایش مطالبی که به صورت داینامیک از فرم دیدگاه ها دریافت شده است', 5, 10, '2022-07-05 19:01:11'),
(4, 'علی', 'admin@admin.com', 'مطالب خوبی بود', 5, 10, '2022-07-05 19:01:22'),
(5, 'میثم', 'admin@admin.com', 'ممنون از پست خوبتان', 4, 10, '2022-07-05 19:01:43'),
(6, 'meysam', 'admin@admin.com', 'پست خوبی بود', 4, 10, '2022-07-05 19:01:54'),
(7, 'میثم', 'admin@admin.com', 'عالی بود', 3, 10, '2022-07-05 19:02:03'),
(8, 'meysam', 'admin@admin.com', 'حرف نداشت', 2, 10, '2022-07-05 19:02:14'),
(9, 'علی', 'admin@admin.com', 'مرسی از شما', 2, 10, '2022-07-05 19:02:26'),
(10, 'مریم', 'admin@admin.com', 'پست بسیار جالبی بود', 2, 10, '2022-07-05 19:02:44'),
(11, 'meysam', 'admin@admin.com', 'مای‌اس‌کیوال (به انگلیسی:MySQL) یک سامانه مدیریت پایگاه داده‌ها متن‌باز', 3, 10, '2022-07-05 19:16:51'),
(12, 'meysam', 'admin@admin.com', 'پی‌اچ‌پی (PHP) یک زبان برنامه نویسی شی‌گرا است که در سال 1995 میلادی توسط راسموس لردورف (Rasmus Lerdorf) ساخته شد.', 1, 0, '2022-07-05 19:17:07'),
(13, 'meysam', 'admin@@admin.com', 'تست ارسال اسکرپیت\r\n&lt;script&gt;alert(\'hi\')&lt;/script&gt;', 1, 10, '2022-07-05 22:47:38');

-- --------------------------------------------------------

--
-- Table structure for table `contact_forms`
--

CREATE TABLE `contact_forms` (
  `form_id` int(11) NOT NULL,
  `form_name` varchar(255) NOT NULL,
  `form_email` varchar(255) NOT NULL,
  `form_subject` varchar(255) NOT NULL,
  `form_body` text NOT NULL,
  `create_at` datetime NOT NULL
) ENGINE=InnoDB DEFAULT CHARSET=utf8;

--
-- Dumping data for table `contact_forms`
--

INSERT INTO `contact_forms` (`form_id`, `form_name`, `form_email`, `form_subject`, `form_body`, `create_at`) VALUES
(1, 'meysam', 'admin@admin.com', 'مشکل در لود سایت', 'تست ارسال پیام', '2022-07-05 22:35:21');

-- --------------------------------------------------------

--
-- Table structure for table `pages`
--

CREATE TABLE `pages` (
  `page_id` int(11) NOT NULL,
  `page_title` varchar(255) NOT NULL,
  `page_body` text NOT NULL,
  `page_image` text NOT NULL,
  `page_status` tinyint(4) DEFAULT 10,
  `create_at` datetime NOT NULL,
  `updated_at` datetime DEFAULT NULL,
  `page_meta_keyword` varchar(255) DEFAULT NULL,
  `page_meta_description` varchar(255) DEFAULT NULL
) ENGINE=InnoDB DEFAULT CHARSET=utf8;

--
-- Dumping data for table `pages`
--

INSERT INTO `pages` (`page_id`, `page_title`, `page_body`, `page_image`, `page_status`, `create_at`, `updated_at`, `page_meta_keyword`, `page_meta_description`) VALUES
(1, 'طراحی سایت شرکتی', 'طراحی وب به مهارت ساخت و راه‌اندازی صفحات وب گفته می‌شود.\r\n\r\nتیم برنرز لی، مخترع وب، با برپایی یک سایت وب در اوت ۱۹۹۱، نام خود را به عنوان نخستین سازندهٔ وب در تاریخ نگاشت. او در نخستین وب سایتش، از اَبَرمتن و پیوندی برای ایمیل (پست الکترونیک) استفاده کرده بود.\r\n\r\nدر آغاز، وب سایت‌ها با کُدهای ساده HTML نوشته می‌شدند، گونه‌ای از زبان نشانه‌گذاری که ساختار ساده‌ای به وب گاه‌ها می‌داد، شامل سرتیتر و پاراگراف، و توانایی پیوند دادن به آدرس‌های دیگر از طریق ابرپیوند. در مقایسه با روش‌های دیگر، این راه تازه و متفاوتی بود که کاربران به سادگی می‌توانستند با یک مرورگر، صفحه‌های پیوند خورده را باز کنند.\r\n\r\nبا پیشرفت وب و هنر طراحی آن، زبان کُدنویسی اش، اَبَرمتن یا اچ تی ام‌ال، پیچیده‌تر و پرانعطاف تر شد. ابزاری مانند جدول‌ها که بیشتر برای نمایش نمودارهای داده‌ای بودند، بزودی مورد استفاده نادرست، برای چیدمان‌های پنهان در صفحه‌های وب قرار گرفتند. با پیدایش الگوهای آبشاری وب یا «CSS»، روش نادرست طراحی با جدول‌های پنهان در صفحه از گردونه خارج، و به جای آن استفاده مناسب از زبان کمکی «CSS» جایگزین شد.\r\n\r\nفناوری‌های یکپارچه‌سازی پایگاه داده (Database)، مانند زبان‌های کُدنویسی سمت سرور (Server-Side Scripting) مانند CGI ،ruby ،node js ،Python، PHP، ASP. NET، ASP، JSP و ColdFusion و استانداردهای طراحی مدرن با الگوها (CSS)، ساختار وب سایت‌ها را باز هم تغییر داده و آن را پیشرفته تر کرده‌اند. سایت واکنش گرا یا سایت ریسپانسیو (Responsive) سایتی است که با ابعاد و رزولوشن دستگاه‌های مختلف سازگاری دارد و کاربران بدون توجه به اینکه صفحه نمایش دستگاهشان کوچک باشد.\r\n\r\nهمچنین با آمدن نگاره‌های جاندار و فناوری‌های پویانمایی به صفحه‌ها، مانند فلَش (Flash)، چهره وب بیشتر از پیش تغییر کرد و توانمندی‌های تازه به سازندگان رسانه و طراح‌های وب داده شد.', '/app/assets/images/pages/web-design.png', 10, '2022-07-04 15:00:20', NULL, 'طرحی وب سایت, طراحی سایت، سایت شرکتی', 'طراحی وب به مهارت ساخت و راه‌اندازی صفحات وب گفته می‌شود.'),
(2, 'بهینه‌سازی موتور جستجو (SEO)', 'بهینه‌سازی موتور جستجو(به انگلیسی: Search Engine Optimization)، (کوتاه: سئو (به انگلیسی: SEO))، یک روند مناسب برای بهتر دیده‌شدن یک وب‌سایت یا یک صفحه وب در نتایج جستجو طبیعی یک موتور جستجو است. معمولاً وب‌سایت‌هایی که بالاترین مکان و بیشترین تکرار در صفحه نتایج جستجو را دارند، بازدیدکننده بیشتری از طریق موتورهای جستجو به دست می‌آوردند و این بازدیدکنندگان می‌توانند به مشتری تبدیل شوند.\r\n\r\nسئو ممکن است انواع گوناگون جستجو را دربرگیرد؛ از جمله جستجوی تصویر، جستجو در ویدیو، جستجوی دانشگاهی، جستجو در اخبار و جستجو در نقشه. «سئو» یک سایت شامل فاکتورهای زیادی می‌شود، که توسط موتورهای جستجو بررسی و بازبینی می‌شود.\r\n\r\nاز دید بازاریابی اینترنتی، «سئو» به چگونگی کار کردن موتورهای جستجو و اینکه کاربران چه چیزی جستجو می‌کنند و همین‌طور کلمات کلیدی تایپ‌شده و اینکه کدام یک از موتورهای جستجو توسط مخاطبان مورد توجه قرار می‌گیرد را مورد بررسی قرار می‌دهد.\r\n\r\nبهینه‌سازی وب‌سایت، شامل توسعه و ویرایش مطالب موجود در خود سایت و اچ‌تی‌ام‌ال و برنامه‌نویسی و همچنین ارتباط بین کلمات کلیدی و حذف موانع مربوط به فعالیت‌های نمایه‌سازی در موتور جستجو و ترویج یک سایت، برای افزایش تعداد لینک‌دهنده یا لینک‌های ورودی و دیگر تاکتیک‌های جستجوگرها است.\r\n\r\nدر نتیجه در خلاصه‌ترین تعریف «سئو» را می‌توان به معنای بهینه‌سازی سایت برای موتورهای جستجو دانست.', '/app/assets/images/pages/seo.png', 10, '2022-07-04 15:02:52', NULL, 'سئو سایت, خدمات سئو, SEO', 'بهینه‌سازی موتور جستجو (به انگلیسی: Search Engine Optimization)، (کوتاه: سئو (به انگلیسی: SEO))، یک روند مناسب برای بهتر دیده‌شدن یک وب‌سایت یا یک صفحه وب در نتایج جستجو طبیعی یک موتور جستجو است.'),
(3, 'طراحی تجربه کاربری (UI/UX)', 'راحی تجربهٔ کاربری (به انگلیسی: User Experience Design) که به اختصار به آن UX, UXD, UED و همچنین XD نیز گفته می‌شود، روندی است که به منظور افزایش رضایت کاربر (یا مشتری) از محصول که از طریق ارتقاء کیفی موارد زیر محقق می‌گردد:\r\n\r\nبهبود قابلیت استفاده (Usability)\r\nسهولت در استفاده (Accessibility)\r\nتعاملی لذت‌بخش بین کاربر (یا مشتری) و محصول\r\nتاکنون، مطالعات انجام شده در زمینهٔ تجربهٔ کاربری (UX) بیشتر بر روی ارزیابی‌های کوتاه مدت و ارتباطات طولانی مدت با مشتری متمرکز بوده‌است که اخیراً همین رابطهٔ طولانی مدت، کلید اصلی رسیدن به موفقیت در بازار به‌حساب می‌آید.[۱]\r\n\r\nدر طراحی تجربه کاربری، سعی می‌شود طراحی کاربر محور به نحوی که بهترین بازخورد در کنار بهینه‌ترین حالت سوددهی انجام شود. در طراحی تجربه کاربری، مقصود از سود، رسیدن به هدف تعامل مشتری (کاربر) با محصول است و صرفاً مقاصد مالی ملاک قرار نمی‌گیرد.\r\n\r\nدر تعریف راهکارهای طراحی تجربه کاربری غالباً کاربر در مرکز توجه قرار گرفته (User Centered Design) و حتی به احساسات، عادات رفتاری و ویژگی‌های شخصیتی او نیز توجه می‌شود. راهکارهایی که در طراحی تجربه کاربری مطرح می‌گردد ممکن است در تعیین نقشه سایت، طراحی رابط کاربری (رنگ‌های معنادار، چیدمان کاربردی، ترتیب گزینه‌ها،...)، برنامه‌نویسی (روند ثبت فرمها، شیوه ذخیره‌سازی اطلاعات کاربر، مراحل خرید،...)، محتوای متنی و تصویری (عناوین بخشها، وضوح نوشته‌ها و توضیحات، تصاویر راهنما، تصویرسازیها،...)، و حتی در استراتژی‌ها و بخشهای عملیاتی وبسایت (نظیر شیوه ارسال کالا در سایتهای فروشگاهی) دخالت کند و پیشنهادهایی برای بهینه‌سازی و راحت‌سازی تعامل کاربر با سیستم ارائه نماید؛ بنابراین طراحی تجربه کاربری نیاز به دیدی کلی نسبت به یک محصول دارد و آشنایی به تمام تخصصهای به کار رفته در یک سیستم از الزامات آن است.[۲]\r\n\r\nUXD با پرداختن به تمام جوانب یک محصول و انتظارات مشتری از آن محصول، برای تعامل بین انسان و کامپیوتر طراحی شده. (که به آن Human-Computer Interaction یا به اختصار HCI گفته می‌شود)[۳]\r\n\r\nطراح تجربه کاربری کسی است که توانایی تحلیل و تجزیه بالایی دارد. و می‌تواند با بهره‌گیری از تجربه خود محصولات و خدمات را طراحی کند. البته نرم‌افزارهای مختلفی وجود دارد که برای شما طراحی می‌کند. اما تمامی این طرح‌ها در واقع تکراری هستند. یک طراح حرفه ای از این ابزارها به عنوان نمونه استفاده می‌کند و از آن‌ها ایده می‌گیرد. تا بهترین طراحی را برای شما به ارمغان بیاورند. اگر دقت کرده باشید تجربه کاربری مهم‌ترین حوزه در طراحی سایت محسوب می‌شود.', '/app/assets/images/pages/ux-ui.png', 10, '2022-07-04 15:05:01', NULL, 'طراحی تجربه کاربری, UI, UX', 'در طراحی تجربه کاربری، سعی می‌شود طراحی کاربر محور به نحوی که بهترین بازخورد در کنار بهینه‌ترین حالت سوددهی انجام شود.'),
(4, 'طراحی برنامه اندروید', 'اَندروید (به انگلیسی: Android) یک سیستم‌عامل موبایل است که گسترش آن با گوگل است. اندروید بر پایهٔ نسخهٔ اصلاح‌شده‌ای از هستهٔ لینوکس و دیگر نرم‌افزارهای متن‌باز طراحی شده و نخست در دستگاه‌های لمسی مانند تلفن هوشمند و تبلت استفاده شد، اما به‌تازگی گوگل Android TV را برای تلویزیون و Android Auto برای خودرو و Wear OS را برای پوشیدنی‌ها (مانند ساعت هوشمند) توسعه داده‌است. اندروید از سال ۲۰۱۱ پرکاربردترین سیستم‌عامل موبایل و از سال ۲۰۱۳ پرکاربردترین سیستم‌عامل برای تبلت‌ها بوده‌است. از سال ۲۰۱۷ نیز بیش از ۲ میلیارد کاربر فعال ماهانه داشته‌است.', '/app/assets/images/pages/android.jpg', 10, '2022-07-04 21:58:31', NULL, 'طراحی برنامه اندروید، طراحی اپ اندروید', 'اَندروید (به انگلیسی: Android) یک سیستم‌عامل موبایل است که گسترش آن با گوگل است.');

-- --------------------------------------------------------

--
-- Table structure for table `posts`
--

CREATE TABLE `posts` (
  `post_id` int(11) NOT NULL,
  `post_title` varchar(255) NOT NULL,
  `post_body` text NOT NULL,
  `category_id` int(11) NOT NULL,
  `post_status` tinyint(4) NOT NULL DEFAULT 10,
  `post_image` text NOT NULL,
  `comment_id` int(11) NOT NULL,
  `create_at` datetime NOT NULL,
  `updated_at` datetime NOT NULL,
  `post_meta_keyword` varchar(255) DEFAULT NULL,
  `post_meta_description` varchar(255) DEFAULT NULL,
  `post_comment_count` int(11) NOT NULL DEFAULT 0
) ENGINE=InnoDB DEFAULT CHARSET=utf8;

--
-- Dumping data for table `posts`
--

INSERT INTO `posts` (`post_id`, `post_title`, `post_body`, `category_id`, `post_status`, `post_image`, `comment_id`, `create_at`, `updated_at`, `post_meta_keyword`, `post_meta_description`, `post_comment_count`) VALUES
(1, 'آموزش پی‌اچ‌پی (PHP)', 'پی‌اچ‌پی (PHP) یک زبان برنامه نویسی شی‌گرا است که در سال 1995 میلادی توسط راسموس لردورف (Rasmus Lerdorf) ساخته شد. PHP شاید عمومی‌ترین زبان اسکریپتی تحت وب باشد. به طوریکه، تا ژانویه سال 2013 میلادی PHP بر روی 244 میلیون وب سایت نصب شده و استفاده از آن روز به روز بیشتر می‌شود. PHP یک زبان برنامه نویسی سمت سرور می‌باشد.\r\n\r\nسرور به کامپیوتری متصل به اینترنت گفته می‌شود که حاوی یک یا چند وب سایت می‌باشد. کدهای PHP در سمت سرور پردازش و اجرا می‌شوند، نه در مرورگر. نتیجه این پردازش به صورت خروجی HTML برای مرورگر شما ارسال شده و شما نتیجه را در صفحه مرورگر خود مشاهده می‌کنید.\r\n\r\nعمومی‌ترین تعریف PHP این است که PHP مخفف کلمات Hypertext Pre-processor می‌باشد. شاید برایتان این سوال پیش بیاید که مخفف کلمات فوق HPP است. درست است، اما در نسخه‌های قبلی برنامه PHP را به عنوان مخفف کلمات Personal Home Page تعریف کرده‌اند، که مخفف آنها PHP می‌شود.', 1, 10, '/app/assets/images/posts/php.png', 1, '2022-07-03 19:02:02', '0000-00-00 00:00:00', 'آموزش پی اچ پی, php', 'پی‌اچ‌پی (PHP) یک زبان برنامه نویسی شی‌گرا است که در سال 1995 میلادی توسط راسموس لردورف (Rasmus Lerdorf) ساخته شد. ', 3),
(2, 'لینوکس', 'لینوکس (به انگلیسی:Linux) یک سیستم‌عامل شبه‌یونیکس است که بخش عمدۀ آن، سازگار با استاندارد پازیکس است. بسیاری از توزیع‌های لینوکس از کلمهٔ «لینوکس» در نام خود استفاده می‌کنند، اما بنیاد نرم‌افزار آزاد از نام «گنو/لینوکس» برای تأکید بر اهمیت سیستم عامل گنو استفاده می‌کند که باعث ایجاد برخی بحث‌ها مثل بحث نام‌گذاری گنو/لینوکس شده است.استفاده از نام «گنو/لینوکس» برای کل سیستم، به نظر سازندهٔ آن، اشتباه است.\r\n\r\nلینوکس می‌تواند سخت‌افزارهای مختلفی از جمله انواع مختلف تلفن همراه، تبلت، مسیریاب، و کنسول بازی تا رایانه‌های رومیزی، رایانه‌های بزرگ و ابررایانه‌ها و رایانه‌های تک‌ بردی (SBC) را پشتیبانی ‌کند.', 3, 10, '/app/assets/images/posts/linux.jpg', 2, '2022-07-03 19:05:46', '2022-07-05 00:36:23', 'آموزش لینوکس, لینوکس', 'لینوکس (به انگلیسی:Linux) یک سیستم‌عامل شبه‌یونیکس است که بخش عمدۀ آن، سازگار با استاندارد پازیکس است. ', 3),
(3, 'مای‌اس‌کیوال MySQL', 'مای‌اس‌کیوال (به انگلیسی:MySQL) یک سامانه مدیریت پایگاه داده‌ها متن‌باز و یک پایگاه داده‌است،که توسط شرکت اوراکل توسعه، توزیع، و پشتیبانی می‌شود. سرور مای‌اس‌کیوال به چندین کاربر اجازه استفاده هم‌زمان از داده‌ها را می‌دهد.', 1, 10, '/app/assets/images/posts/mysql.jpg', 1, '2022-07-03 19:07:13', '0000-00-00 00:00:00', 'آموزش mysql', 'مای‌اس‌کیوال (به انگلیسی:MySQL) یک سامانه مدیریت پایگاه داده‌ها متن‌باز و یک پایگاه داده‌است،که توسط شرکت اوراکل توسعه، توزیع، و پشتیبانی می‌شود.', 2),
(4, 'Python (پایتون)', 'پایتون (به انگلیسی:Python) یک زبان برنامه‌نویسی شیءگرا، تفسیری، سطح بالا، و همه منظوره است، که خیدو فان روسوم آن را طراحی کرده‌است، و اولین بار در سال ۱۹۹۱ منتشر شده‌است. فلسفه اصلی طراحی پایتون «خوانایی بالای کد» است و نویسه‌های فاصله خالی در آن معنادار هستند و مکرر استفاده می‌شوند. ساختار زبانی و دیدگاه شیءگرا در پایتون به گونه‌ای طراحی شده‌است که به برنامه‌نویس امکان نوشتن کد منطقی و واضح (بدون ابهام) را برای پروژه‌های کوچک و بزرگ می‌دهد.\r\n\r\nکلمات کلیدی و اصلی این زبان به‌صورت حداقلی تهیه شده‌اند و در مقابل کتابخانه‌هایی که در اختیار کاربر است بسیار وسیع هستند.\r\n\r\nبر خلاف برخی زبان‌های برنامه‌نویسی رایج دیگر که بلاک‌های کد در آکولاد تعریف می‌شوند (به‌ویژه زبان‌هایی که از نحو زبان سی پیروی می‌کنند) در زبان پایتون از نویسه فاصله و جلو بردن متن برنامه برای مشخص کردن بلاک‌های کد استفاده می‌شود. به این معنی که تعدادی یکسان از نویسه فاصله در ابتدای سطرهای هر بلاک قرار می‌گیرند و این تعداد در بلاک‌های کد درونی‌تر افزایش می‌یابد. بدین ترتیب بلاک‌های کد به صورت خودکار ظاهری مرتب دارند.\r\n\r\nدر پایتون مدل‌های مختلف برنامه‌نویسی (از جمله شی‌گرا و برنامه‌نویسی دستوری و تابع محور) را پشتیبانی می‌شود و برای مشخص کردن نوع متغیرها از یک سامانهٔ پویا استفاده می‌شود.', 3, 10, '/app/assets/images/posts/python.jpg', 1, '2022-07-03 19:08:58', '0000-00-00 00:00:00', 'آموزش پایتون, python', 'پایتون (به انگلیسی:Python) یک زبان برنامه‌نویسی شیءگرا، تفسیری، سطح بالا، و همه منظوره است، که خیدو فان روسوم آن را طراحی کرده‌است، و اولین بار در سال ۱۹۹۱ منتشر شده‌است. ', 2),
(5, 'Node.js (نود جی‌اس)', 'نود جی‌اس یا نود دات جی‌اس (به انگلیسی: Node.js) یک محیط اجرایی سمت سرور متن‌باز و چندسکویی برای زبان جاوااسکریپت است. از لحاظ تاریخی از جاوااسکریپت در درجهٔ اول به عنوان یک زبان اسکریپت‌نویسی سمت کاربر به این صورت استفاده می‌شد که اسکریپت‌های نوشته شده با جاوااسکریپت درون صفحات اچ‌تی‌ام‌ال جاسازی می‌شدند و سپس این اسکریپت‌ها توسط یک موتور جاوااسکریپت در مرورگر وب کاربر پردازش می‌شد. نود جی‌اس امکان استفاده از جاوااسکریپت برای نوشتن اسکریپت‌های سمت سرور را فراهم می‌کند تا بدین صورت بتوان با آن صفحات وب پویا را قبل از فرستادن آن به مرورگر کاربر تولید کرد. در نتیجه نود جی‌اس به یکی از المان‌های اصلی در پارادایم «جاوااسکریپت در همه جا» تبدیل شده‌است که در آن به جای استفاده از زبان‌های برنامه‌نویسی مختلف در نوشتن اسکریپت‌های سمت سرور، از یک زبان واحد برای توسعهٔ برنامه‌های کاربردی وب استفاده می‌شود.', 4, 10, '/app/assets/images/posts/nodejs.png', 2, '2022-07-03 19:10:08', '0000-00-00 00:00:00', 'آموزش نود جی اس, nodejs', 'نود جی‌اس یا نود دات جی‌اس (به انگلیسی: Node.js) یک محیط اجرایی سمت سرور متن‌باز و چندسکویی برای زبان جاوااسکریپت است. ', 2);

-- --------------------------------------------------------

--
-- Table structure for table `users`
--

CREATE TABLE `users` (
  `user_id` int(11) NOT NULL,
  `first_name` varchar(191) NOT NULL,
  `last_name` varchar(255) NOT NULL,
  `user_email` varchar(255) NOT NULL,
  `user_password` varchar(255) NOT NULL,
  `careated_at` datetime NOT NULL
) ;

--
-- Dumping data for table `users`
--

INSERT INTO `users` (`user_id`, `first_name`, `last_name`, `user_email`, `user_password`, `careated_at`) VALUES
(1, 'میثم', 'web', 'admin@admin.com', '$2y$10$NtG6GWGnIQlsgoXE4Q3sLOVEO1Zq7HB8lOmJPsGkrwjGzVNhiBP2q', '2022-07-06 00:06:55');

--
-- Indexes for dumped tables
--

--
-- Indexes for table `categories`
--
ALTER TABLE `categories`
  ADD PRIMARY KEY (`category_id`);

--
-- Indexes for table `comments`
--
ALTER TABLE `comments`
  ADD PRIMARY KEY (`comment_id`);

--
-- Indexes for table `contact_forms`
--
ALTER TABLE `contact_forms`
  ADD PRIMARY KEY (`form_id`);

--
-- Indexes for table `pages`
--
ALTER TABLE `pages`
  ADD PRIMARY KEY (`page_id`);

--
-- Indexes for table `posts`
--
ALTER TABLE `posts`
  ADD PRIMARY KEY (`post_id`);

--
-- Indexes for table `users`
--
ALTER TABLE `users`
  ADD PRIMARY KEY (`user_id`),
  ADD UNIQUE KEY `UN_Email` (`user_email`);

--
-- AUTO_INCREMENT for dumped tables
--

--
-- AUTO_INCREMENT for table `categories`
--
ALTER TABLE `categories`
  MODIFY `category_id` int(11) NOT NULL AUTO_INCREMENT, AUTO_INCREMENT=5;

--
-- AUTO_INCREMENT for table `comments`
--
ALTER TABLE `comments`
  MODIFY `comment_id` int(11) NOT NULL AUTO_INCREMENT, AUTO_INCREMENT=14;

--
-- AUTO_INCREMENT for table `contact_forms`
--
ALTER TABLE `contact_forms`
  MODIFY `form_id` int(11) NOT NULL AUTO_INCREMENT, AUTO_INCREMENT=2;

--
-- AUTO_INCREMENT for table `pages`
--
ALTER TABLE `pages`
  MODIFY `page_id` int(11) NOT NULL AUTO_INCREMENT, AUTO_INCREMENT=5;

--
-- AUTO_INCREMENT for table `posts`
--
ALTER TABLE `posts`
  MODIFY `post_id` int(11) NOT NULL AUTO_INCREMENT, AUTO_INCREMENT=6;

--
-- AUTO_INCREMENT for table `users`
--
ALTER TABLE `users`
  MODIFY `user_id` int(11) NOT NULL AUTO_INCREMENT;
COMMIT;

/*!40101 SET CHARACTER_SET_CLIENT=@OLD_CHARACTER_SET_CLIENT */;
/*!40101 SET CHARACTER_SET_RESULTS=@OLD_CHARACTER_SET_RESULTS */;
/*!40101 SET COLLATION_CONNECTION=@OLD_COLLATION_CONNECTION */;
